{
    "timestamp": [
        0.0,
        1.0188939571380615,
        2.0229485034942627,
        3.026067018508911,
        4.030179023742676,
        5.034096717834473,
        6.0383336544036865,
        7.04228949546814,
        8.04695987701416,
        9.051233291625977,
        10.055915594100952,
        11.060423851013184,
        12.06430983543396,
        13.068398475646973,
        14.071997165679932,
        15.076463460922241,
        16.080333471298218,
        17.085455417633057,
        18.08960247039795,
        19.093101978302002,
        20.09715509414673,
        21.101603031158447,
        22.10571599006653,
        23.109668254852295,
        24.114262104034424,
        25.118948936462402,
        26.123038053512573,
        27.127248287200928,
        28.13137197494507,
        29.135683059692383,
        30.139818906784058,
        31.144068956375122,
        32.14743161201477,
        33.151764154434204,
        34.155526638031006,
        35.15961265563965,
        36.16406846046448,
        37.168444871902466,
        38.17286562919617,
        39.177215814590454,
        40.18384790420532,
        41.18710112571716,
        42.190001010894775,
        43.19365835189819,
        44.198224782943726,
        45.20230460166931,
        46.2068874835968,
        47.211495876312256,
        48.215808629989624,
        49.222591400146484,
        50.227843284606934,
        51.23248910903931,
        52.237510204315186,
        53.24144887924194,
        54.24627494812012,
        55.25131797790527,
        56.25567173957825,
        57.261054039001465,
        58.26647067070007,
        59.2743284702301
    ],
    "cpu_percent": [
        0.0,
        13.4,
        11.7,
        17.7,
        9.8,
        12.8,
        14.4,
        11.9,
        10.7,
        13.3,
        14.9,
        14.8,
        12.7,
        14.3,
        23.9,
        22.8,
        17.6,
        12.7,
        20.2,
        14.8,
        26.0,
        11.7,
        12.9,
        13.9,
        12.5,
        13.3,
        17.4,
        17.7,
        14.2,
        19.3,
        18.9,
        17.5,
        18.9,
        11.9,
        18.3,
        22.1,
        18.6,
        21.2,
        21.4,
        22.0,
        14.7,
        17.4,
        21.1,
        22.8,
        20.2,
        19.0,
        19.9,
        19.6,
        21.2,
        32.5,
        31.7,
        32.0,
        31.8,
        34.4,
        32.1,
        32.3,
        30.2,
        29.5,
        23.0,
        60.8
    ],
    "memory_percent": [
        40.1,
        40.1,
        40.2,
        40.1,
        40.1,
        40.1,
        40.1,
        40.1,
        40.1,
        40.1,
        39.9,
        39.9,
        39.9,
        40.0,
        40.4,
        40.7,
        41.1,
        41.0,
        41.0,
        40.5,
        36.7,
        37.0,
        37.0,
        37.0,
        36.0,
        36.0,
        36.0,
        36.1,
        36.3,
        36.4,
        36.4,
        36.3,
        36.3,
        36.3,
        36.4,
        36.4,
        36.3,
        36.3,
        36.3,
        36.4,
        36.4,
        36.4,
        36.5,
        36.5,
        36.5,
        37.0,
        37.3,
        37.1,
        37.3,
        36.9,
        36.9,
        37.0,
        37.0,
        37.0,
        36.9,
        36.9,
        37.0,
        37.3,
        37.1,
        38.6
    ]
}