{
    "timestamp": [
        3.0994415283203125e-06,
        1.0055739879608154,
        2.011160135269165,
        3.016461133956909,
        4.0195631980896,
        5.025017976760864,
        6.026404857635498,
        7.0275092124938965,
        8.028619050979614,
        9.029745101928711,
        10.030850172042847,
        11.031951904296875,
        12.034840106964111,
        13.040156126022339,
        14.045461177825928,
        15.050262212753296,
        16.05326795578003,
        17.05866312980652,
        18.063964128494263,
        19.069262266159058,
        20.07460904121399,
        21.079979181289673,
        22.08367609977722,
        23.088979959487915,
        24.09428906440735,
        25.099619150161743,
        26.104635000228882,
        27.109939098358154,
        28.11523699760437,
        29.12053418159485,
        30.122483015060425,
        31.127838134765625,
        32.133134841918945,
        33.138468980789185,
        34.14377307891846,
        35.14906907081604,
        36.15437602996826,
        37.159687995910645,
        38.16498589515686,
        39.17028999328613,
        40.175597190856934,
        41.1788969039917,
        42.18417310714722,
        43.18949508666992,
        44.19479298591614,
        45.20009088516235,
        46.205403089523315,
        47.20872712135315,
        48.214028120040894,
        49.21933126449585,
        50.224677085876465,
        51.22920298576355,
        52.234533071517944,
        53.23985505104065,
        54.24530601501465,
        55.24566197395325,
        56.251020193099976,
        57.251407861709595,
        58.25673294067383,
        59.25719213485718
    ],
    "cpu_percent": [
        24.0,
        5.8,
        13.6,
        4.0,
        6.5,
        2.0,
        1.5,
        2.0,
        3.8,
        2.2,
        1.7,
        2.8,
        2.2,
        2.0,
        6.5,
        2.5,
        3.5,
        6.0,
        2.2,
        2.7,
        2.0,
        1.8,
        1.5,
        2.0,
        6.7,
        1.7,
        1.5,
        1.5,
        3.7,
        2.0,
        1.7,
        2.5,
        1.5,
        1.7,
        6.5,
        2.0,
        1.5,
        1.7,
        3.7,
        2.0,
        2.5,
        3.5,
        1.7,
        3.0,
        8.2,
        4.8,
        1.7,
        2.5,
        1.5,
        2.5,
        1.5,
        1.7,
        2.2,
        6.0,
        6.5,
        3.2,
        3.5,
        2.0,
        1.7,
        2.7
    ],
    "memory_percent": [
        63.2,
        63.2,
        63.3,
        63.3,
        63.3,
        63.2,
        63.1,
        63.1,
        63.0,
        63.0,
        63.0,
        63.0,
        62.9,
        62.9,
        62.9,
        62.9,
        62.7,
        62.7,
        62.7,
        62.7,
        62.6,
        62.6,
        62.6,
        62.6,
        62.5,
        62.5,
        62.5,
        62.5,
        62.5,
        62.5,
        62.5,
        62.5,
        62.5,
        62.4,
        62.4,
        62.4,
        62.4,
        62.3,
        62.3,
        62.3,
        61.9,
        61.7,
        61.7,
        61.7,
        61.6,
        61.6,
        61.6,
        61.6,
        61.6,
        61.6,
        61.6,
        61.6,
        61.6,
        61.5,
        61.5,
        61.5,
        61.6,
        61.6,
        61.6,
        61.6
    ]
}