{
    "timestamp": [
        0.0,
        1.0073325634002686,
        2.0117979049682617,
        3.015883445739746,
        4.0195393562316895,
        5.023849248886108,
        6.027785301208496,
        7.031824827194214,
        8.035604000091553,
        9.040438413619995,
        10.044411182403564,
        11.048217058181763,
        12.05239462852478,
        13.056119918823242,
        14.059894561767578,
        15.063758611679077,
        16.067764282226562,
        17.071514129638672,
        18.075725317001343,
        19.079453468322754,
        20.083513736724854,
        21.087598085403442,
        22.09205675125122,
        23.09604263305664,
        24.100273609161377,
        25.104202032089233,
        26.10834789276123,
        27.11185884475708,
        28.11576271057129,
        29.119271755218506,
        30.123157739639282,
        31.12693977355957,
        32.130964279174805,
        33.13483238220215,
        34.138386726379395,
        35.141873598098755,
        36.145747423172,
        37.14977717399597,
        38.15349745750427,
        39.157581090927124,
        40.16130709648132,
        41.16515898704529,
        42.169349193573,
        43.17336058616638,
        44.177998542785645,
        45.18333292007446,
        46.187968254089355,
        47.193437814712524,
        48.19787096977234,
        49.202256202697754,
        50.206340074539185,
        51.21109962463379,
        52.21530032157898,
        53.21917939186096,
        54.22335886955261,
        55.22757124900818,
        56.23141574859619,
        57.235437870025635,
        58.239683866500854,
        59.24375581741333
    ],
    "cpu_percent": [
        0.0,
        14.9,
        13.1,
        15.9,
        14.4,
        13.0,
        12.7,
        12.7,
        12.0,
        12.2,
        27.6,
        26.1,
        20.0,
        10.6,
        9.4,
        9.7,
        12.9,
        9.0,
        11.0,
        16.7,
        15.6,
        16.2,
        12.9,
        13.5,
        10.1,
        10.3,
        8.2,
        12.9,
        8.8,
        12.9,
        8.9,
        9.8,
        12.4,
        11.4,
        11.5,
        11.7,
        12.4,
        12.2,
        24.7,
        15.9,
        19.5,
        15.3,
        15.0,
        17.8,
        24.7,
        26.4,
        44.6,
        41.5,
        19.5,
        31.0,
        24.0,
        20.5,
        12.6,
        14.3,
        15.9,
        12.0,
        15.1,
        13.1,
        11.0,
        10.2
    ],
    "memory_percent": [
        40.6,
        40.6,
        40.7,
        40.6,
        40.6,
        40.7,
        40.7,
        40.7,
        40.6,
        40.7,
        40.5,
        40.7,
        40.9,
        40.8,
        40.8,
        40.8,
        40.8,
        40.7,
        40.8,
        40.8,
        40.8,
        40.8,
        40.7,
        40.7,
        40.7,
        40.7,
        40.7,
        40.7,
        40.7,
        40.7,
        40.7,
        40.7,
        40.6,
        40.6,
        40.6,
        40.6,
        40.5,
        40.5,
        40.5,
        40.6,
        40.6,
        40.7,
        40.7,
        40.8,
        40.9,
        41.0,
        41.3,
        41.7,
        41.8,
        42.0,
        42.0,
        42.0,
        42.0,
        41.9,
        41.8,
        41.8,
        41.8,
        41.8,
        41.8,
        41.7
    ]
}