{
    "timestamp": [
        0.0,
        1.0074052810668945,
        2.0117499828338623,
        3.0156564712524414,
        4.020220041275024,
        5.026679992675781,
        6.030257225036621,
        7.034478664398193,
        8.03811502456665,
        9.04170036315918,
        10.045544624328613,
        11.049410343170166,
        12.053446769714355,
        13.057220697402954,
        14.061480522155762,
        15.065691471099854,
        16.069576740264893,
        17.073343753814697,
        18.077592134475708,
        19.081171989440918,
        20.08554768562317,
        21.089516401290894,
        22.09320068359375,
        23.096561908721924,
        24.10034203529358,
        25.10436701774597,
        26.10838031768799,
        27.1128511428833,
        28.116808652877808,
        29.120362281799316,
        30.124308109283447,
        31.128247261047363,
        32.13218879699707,
        33.135825395584106,
        34.13970899581909,
        35.14371657371521,
        36.14788866043091,
        37.15190267562866,
        38.15570569038391,
        39.15974974632263,
        40.16380715370178,
        41.16794180870056,
        42.17223906517029,
        43.17562770843506,
        44.17930269241333,
        45.18344330787659,
        46.187222480773926,
        47.191303968429565,
        48.19530749320984,
        49.19878792762756,
        50.203014612197876,
        51.20667266845703,
        52.21020245552063,
        53.213707447052,
        54.21739411354065,
        55.220667123794556,
        56.22440052032471,
        57.22759246826172,
        58.23088836669922,
        59.23449730873108
    ],
    "cpu_percent": [
        0.0,
        16.6,
        11.5,
        13.8,
        4.4,
        5.9,
        10.7,
        5.2,
        11.0,
        4.3,
        1.6,
        11.4,
        5.1,
        9.2,
        7.9,
        8.3,
        4.0,
        7.2,
        6.9,
        12.4,
        10.9,
        3.0,
        10.9,
        3.1,
        5.9,
        9.5,
        7.3,
        10.8,
        2.8,
        3.1,
        4.1,
        13.5,
        2.6,
        2.2,
        9.2,
        6.2,
        11.8,
        2.2,
        12.9,
        2.2,
        13.7,
        11.0,
        4.8,
        2.2,
        4.1,
        3.4,
        3.5,
        3.8,
        2.4,
        3.4,
        5.1,
        3.6,
        3.1,
        4.4,
        2.2,
        4.6,
        2.6,
        2.7,
        3.5,
        7.0
    ],
    "memory_percent": [
        42.0,
        41.5,
        41.4,
        41.4,
        41.4,
        41.4,
        41.4,
        41.4,
        41.4,
        41.4,
        41.4,
        41.4,
        41.4,
        41.4,
        41.4,
        41.4,
        41.4,
        41.4,
        41.3,
        41.4,
        41.3,
        41.3,
        41.4,
        41.4,
        41.4,
        41.3,
        41.3,
        41.3,
        41.3,
        41.3,
        41.3,
        41.3,
        41.3,
        41.3,
        41.4,
        41.2,
        41.3,
        41.3,
        41.3,
        41.2,
        41.3,
        41.3,
        41.3,
        41.3,
        41.2,
        41.2,
        41.3,
        41.3,
        41.3,
        41.2,
        41.3,
        41.2,
        41.2,
        41.2,
        41.2,
        41.2,
        41.2,
        41.2,
        41.2,
        41.2
    ]
}