{
    "timestamp": [
        8.106231689453125e-06,
        1.0008440017700195,
        2.0057499408721924,
        3.0073370933532715,
        4.009469032287598,
        5.012995004653931,
        6.0190088748931885,
        7.0205748081207275,
        8.021471977233887,
        9.024478197097778,
        10.03007698059082,
        11.03085708618164,
        12.036067008972168,
        13.041374921798706,
        14.045818090438843,
        15.0506010055542,
        16.052140951156616,
        17.056061029434204,
        18.0590980052948,
        19.061715126037598,
        20.067019939422607,
        21.071150064468384,
        22.075032949447632,
        23.078503131866455,
        24.08232307434082,
        25.084655046463013,
        26.08995294570923,
        27.091660976409912,
        28.09187388420105,
        29.097173929214478,
        30.097552061080933,
        31.101498126983643,
        32.10670495033264,
        33.11201000213623,
        34.11726498603821,
        35.12248420715332,
        36.12778091430664,
        37.131951093673706,
        38.13280510902405,
        39.134013175964355,
        40.138031005859375,
        41.14131021499634,
        42.141627073287964,
        43.142781019210815,
        44.143436908721924,
        45.14503598213196,
        46.148760080337524,
        47.15130305290222,
        48.15638589859009,
        49.15686392784119,
        50.16114902496338,
        51.16203999519348,
        52.164397954940796,
        53.168570041656494,
        54.169350147247314,
        55.17477202415466,
        56.18006896972656,
        57.1833860874176,
        58.188701152801514,
        59.19252014160156
    ],
    "cpu_percent": [
        30.4,
        42.5,
        13.5,
        27.0,
        19.5,
        19.8,
        26.9,
        22.5,
        14.2,
        13.6,
        24.9,
        16.7,
        17.8,
        24.1,
        18.4,
        14.7,
        24.9,
        24.7,
        18.2,
        22.0,
        16.4,
        5.2,
        12.5,
        16.0,
        10.8,
        19.0,
        11.2,
        11.5,
        3.3,
        9.2,
        25.3,
        16.7,
        9.5,
        16.1,
        8.0,
        6.2,
        16.5,
        16.7,
        17.8,
        44.6,
        39.7,
        39.9,
        32.7,
        33.3,
        15.4,
        35.9,
        32.3,
        33.2,
        31.8,
        29.3,
        30.0,
        31.1,
        32.2,
        36.1,
        11.8,
        6.0,
        2.2,
        9.7,
        1.2,
        3.5
    ],
    "memory_percent": [
        62.7,
        62.9,
        62.8,
        63.7,
        64.5,
        64.0,
        63.6,
        63.7,
        61.4,
        61.6,
        61.6,
        61.6,
        61.4,
        61.3,
        62.0,
        62.2,
        61.9,
        61.7,
        61.9,
        62.4,
        62.3,
        62.2,
        62.1,
        62.1,
        62.1,
        61.9,
        61.8,
        61.7,
        61.7,
        61.0,
        60.8,
        60.8,
        60.7,
        60.7,
        60.8,
        60.8,
        60.9,
        60.9,
        60.9,
        62.2,
        62.3,
        62.2,
        62.2,
        62.4,
        62.3,
        62.3,
        62.6,
        62.5,
        62.3,
        62.3,
        62.2,
        61.7,
        61.9,
        62.2,
        62.2,
        62.4,
        62.4,
        62.2,
        61.7,
        61.7
    ]
}