{
    "timestamp": [
        0.0,
        1.0065877437591553,
        2.010528802871704,
        3.014436721801758,
        4.018396615982056,
        5.022428035736084,
        6.026784658432007,
        7.031055688858032,
        8.035230875015259,
        9.0395987033844,
        10.044351816177368,
        11.048976421356201,
        12.053207635879517,
        13.058178663253784,
        14.062952756881714,
        15.067474842071533,
        16.071404218673706,
        17.07554340362549,
        18.084620475769043,
        19.089700937271118,
        20.09368062019348,
        21.09725832939148,
        22.10134220123291,
        23.10536289215088,
        24.10937476158142,
        25.113356351852417,
        26.117546319961548,
        27.121403455734253,
        28.125569343566895,
        29.1290225982666,
        30.133257150650024,
        31.137171268463135,
        32.142086029052734,
        33.1462926864624,
        34.15056324005127,
        35.15471410751343,
        36.15874242782593,
        37.16295504570007,
        38.16726279258728,
        39.17195391654968,
        40.1756865978241,
        41.179848194122314,
        42.18430304527283,
        43.188636779785156,
        44.1926531791687,
        45.19689726829529,
        46.201194047927856,
        47.20527100563049,
        48.20898771286011,
        49.21323084831238,
        50.21764159202576,
        51.22190833091736,
        52.226033449172974,
        53.235121726989746,
        54.23908281326294,
        55.24300408363342,
        56.247220516204834,
        57.251208543777466,
        58.25525736808777,
        59.25920867919922
    ],
    "cpu_percent": [
        0.0,
        11.2,
        15.2,
        8.9,
        13.6,
        14.1,
        13.3,
        14.0,
        14.9,
        25.2,
        26.3,
        28.1,
        21.8,
        42.3,
        51.5,
        20.9,
        16.6,
        19.6,
        11.0,
        17.9,
        13.0,
        12.8,
        18.0,
        11.8,
        13.1,
        12.2,
        12.9,
        26.7,
        16.8,
        22.8,
        11.8,
        13.6,
        16.8,
        16.1,
        16.3,
        15.5,
        11.4,
        17.6,
        11.9,
        10.6,
        8.6,
        9.8,
        11.9,
        9.2,
        11.6,
        10.3,
        15.8,
        9.3,
        12.0,
        9.0,
        10.2,
        12.3,
        10.1,
        12.4,
        10.2,
        11.2,
        11.1,
        13.2,
        11.0,
        11.2
    ],
    "memory_percent": [
        41.9,
        41.9,
        41.8,
        41.9,
        41.9,
        41.9,
        41.9,
        41.9,
        41.8,
        41.5,
        41.6,
        41.9,
        42.1,
        41.7,
        42.2,
        42.5,
        42.6,
        42.6,
        42.6,
        42.5,
        42.5,
        42.4,
        42.5,
        42.5,
        42.5,
        42.5,
        42.6,
        42.6,
        42.6,
        42.5,
        42.5,
        42.5,
        41.7,
        41.7,
        41.7,
        41.6,
        41.6,
        41.5,
        41.5,
        41.6,
        41.5,
        41.5,
        41.5,
        41.5,
        41.5,
        41.4,
        41.5,
        41.5,
        41.5,
        41.4,
        41.4,
        41.4,
        41.4,
        41.4,
        41.5,
        41.5,
        41.5,
        41.5,
        41.5,
        41.5
    ]
}