{
    "timestamp": [
        4.76837158203125e-06,
        1.0032448768615723,
        2.0084729194641113,
        3.0137739181518555,
        4.019084930419922,
        5.024429082870483,
        6.029746770858765,
        7.035054683685303,
        8.040349960327148,
        9.044903755187988,
        10.050244808197021,
        11.055012702941895,
        12.058784008026123,
        13.064090728759766,
        14.069392919540405,
        15.074688911437988,
        16.079964876174927,
        17.08527684211731,
        18.08860182762146,
        19.09395980834961,
        20.099267721176147,
        21.104565858840942,
        22.10842490196228,
        23.112936973571777,
        24.1182599067688,
        25.123602867126465,
        26.128907918930054,
        27.134208917617798,
        28.139509916305542,
        29.14481472969055,
        30.150114059448242,
        31.155416011810303,
        32.157795667648315,
        33.1584529876709,
        34.15882992744446,
        35.164132833480835,
        36.169434785842896,
        37.17473483085632,
        38.1800377368927,
        39.1805477142334,
        40.185890913009644,
        41.189131021499634,
        42.194432973861694,
        43.1997287273407,
        44.2028169631958,
        45.208125829696655,
        46.213401794433594,
        47.218705892562866,
        48.21914887428284,
        49.221717834472656,
        50.22699689865112,
        51.23230695724487,
        52.23416876792908,
        53.239513874053955,
        54.24480986595154,
        55.250107765197754,
        56.25540494918823,
        57.260704040527344,
        58.266005992889404,
        59.27130389213562
    ],
    "cpu_percent": [
        8.4,
        11.0,
        25.4,
        1.2,
        2.7,
        2.0,
        1.7,
        2.2,
        1.5,
        1.5,
        2.2,
        2.7,
        5.5,
        4.0,
        1.7,
        1.7,
        6.7,
        3.5,
        11.7,
        11.8,
        7.2,
        2.2,
        6.7,
        1.8,
        5.9,
        3.5,
        2.2,
        1.5,
        1.7,
        7.7,
        1.0,
        2.0,
        8.0,
        2.5,
        1.5,
        1.5,
        2.0,
        2.2,
        1.8,
        3.0,
        5.0,
        1.7,
        6.2,
        1.7,
        3.0,
        2.5,
        3.2,
        2.2,
        1.0,
        2.0,
        15.4,
        1.2,
        6.7,
        1.0,
        1.5,
        1.7,
        1.7,
        2.0,
        0.5,
        2.2
    ],
    "memory_percent": [
        62.2,
        62.3,
        62.4,
        62.4,
        62.4,
        62.4,
        62.3,
        62.3,
        62.3,
        62.3,
        62.2,
        62.3,
        62.2,
        62.2,
        62.2,
        62.2,
        62.1,
        61.9,
        61.9,
        61.8,
        61.3,
        61.3,
        61.3,
        61.3,
        61.3,
        61.3,
        61.3,
        61.3,
        61.3,
        61.3,
        61.3,
        61.3,
        61.3,
        61.3,
        61.3,
        61.3,
        61.3,
        61.3,
        61.3,
        61.3,
        61.3,
        61.3,
        61.3,
        61.3,
        61.2,
        61.1,
        61.2,
        61.2,
        61.2,
        61.1,
        61.2,
        61.2,
        61.2,
        61.2,
        61.2,
        61.2,
        61.2,
        61.2,
        61.2,
        61.2
    ]
}