{
    "timestamp": [
        0.0,
        1.0135343074798584,
        2.0176894664764404,
        3.0215139389038086,
        4.025285959243774,
        5.029236078262329,
        6.03315281867981,
        7.037344694137573,
        8.041781425476074,
        9.046051025390625,
        10.04979395866394,
        11.053844690322876,
        12.0576810836792,
        13.061646223068237,
        14.065924644470215,
        15.070373773574829,
        16.07479214668274,
        17.078941583633423,
        18.082587718963623,
        19.086814403533936,
        20.09145760536194,
        21.099296808242798,
        22.103354930877686,
        23.107221841812134,
        24.11092972755432,
        25.11578917503357,
        26.12009286880493,
        27.123893976211548,
        28.128118991851807,
        29.132186889648438,
        30.136258602142334,
        31.1404869556427,
        32.14417219161987,
        33.14828658103943,
        34.15202808380127,
        35.15579843521118,
        36.1603045463562,
        37.16397571563721,
        38.16749835014343,
        39.171669244766235,
        40.17532444000244,
        41.17857646942139,
        42.18278789520264,
        43.188029766082764,
        44.19157910346985,
        45.19559597969055,
        46.199923276901245,
        47.204148292541504,
        48.20820331573486,
        49.21193885803223,
        50.216227531433105,
        51.22030758857727,
        52.22426223754883,
        53.22907519340515,
        54.23315691947937,
        55.23758912086487,
        56.24099373817444,
        57.24474883079529,
        58.24876070022583,
        59.25289583206177
    ],
    "cpu_percent": [
        0.0,
        15.2,
        18.3,
        18.7,
        19.4,
        14.9,
        15.0,
        13.0,
        14.5,
        12.2,
        15.4,
        12.6,
        14.8,
        13.8,
        15.5,
        14.4,
        14.0,
        15.3,
        15.9,
        19.8,
        17.1,
        19.1,
        20.1,
        13.9,
        21.9,
        19.2,
        14.6,
        12.8,
        14.8,
        13.6,
        14.0,
        14.9,
        14.8,
        13.5,
        16.3,
        16.8,
        15.1,
        14.0,
        13.7,
        18.0,
        16.0,
        16.1,
        13.9,
        14.2,
        13.9,
        18.3,
        17.2,
        15.5,
        18.2,
        18.6,
        32.9,
        21.9,
        25.4,
        19.3,
        22.7,
        12.4,
        14.0,
        15.6,
        16.1,
        15.9
    ],
    "memory_percent": [
        40.6,
        40.6,
        40.6,
        40.6,
        40.6,
        40.5,
        40.6,
        40.6,
        40.5,
        40.6,
        40.6,
        40.6,
        40.6,
        40.6,
        40.6,
        40.6,
        40.6,
        40.6,
        40.6,
        40.6,
        40.6,
        40.6,
        40.6,
        40.6,
        40.7,
        40.6,
        40.6,
        40.6,
        40.6,
        40.6,
        40.6,
        40.6,
        40.6,
        40.6,
        40.7,
        40.6,
        40.6,
        40.6,
        40.6,
        40.6,
        40.7,
        40.7,
        40.6,
        40.7,
        40.6,
        40.7,
        40.6,
        40.6,
        40.6,
        40.6,
        40.6,
        40.6,
        40.5,
        40.5,
        40.6,
        40.6,
        40.6,
        40.6,
        40.6,
        40.6
    ]
}