{
    "timestamp": [
        0.0,
        1.0155386924743652,
        2.019685983657837,
        3.024322986602783,
        4.029101133346558,
        5.0333428382873535,
        6.037211656570435,
        7.04085373878479,
        8.044948816299438,
        9.049468994140625,
        10.053984880447388,
        11.058465003967285,
        12.0629141330719,
        13.06744933128357,
        14.071992874145508,
        15.07647705078125,
        16.08030605316162,
        17.08481001853943,
        18.088932752609253,
        19.093621730804443,
        20.098002195358276,
        21.102505207061768,
        22.10698366165161,
        23.11141347885132,
        24.115903854370117,
        25.12035369873047,
        26.123781442642212,
        27.128517866134644,
        28.131874799728394,
        29.135681867599487,
        30.140079021453857,
        31.148139238357544,
        32.15278077125549,
        33.15729570388794,
        34.16183280944824,
        35.16656041145325,
        36.17005753517151,
        37.174792766571045,
        38.17949080467224,
        39.183959007263184,
        40.18811225891113,
        41.19307518005371,
        42.196966886520386,
        43.20141673088074,
        44.206116914749146,
        45.23674988746643,
        46.241304874420166,
        47.246304750442505,
        48.25151443481445,
        49.2561891078949,
        50.260704040527344,
        51.265806674957275,
        52.26968502998352,
        53.273436307907104,
        54.27794885635376,
        55.28025221824646,
        56.28443765640259,
        57.288740158081055,
        58.29308867454529,
        59.300437211990356
    ],
    "cpu_percent": [
        0.0,
        13.9,
        11.7,
        9.8,
        10.9,
        10.9,
        12.1,
        14.6,
        10.1,
        13.0,
        11.8,
        12.2,
        10.3,
        13.4,
        11.1,
        15.4,
        13.7,
        12.3,
        11.7,
        13.9,
        10.9,
        10.0,
        13.4,
        11.9,
        12.3,
        11.1,
        12.6,
        9.7,
        11.5,
        16.3,
        10.0,
        10.1,
        10.4,
        11.3,
        11.2,
        13.4,
        10.3,
        21.4,
        10.7,
        10.7,
        23.3,
        19.3,
        11.1,
        16.1,
        26.4,
        17.2,
        25.6,
        18.1,
        14.1,
        17.0,
        17.1,
        12.9,
        13.1,
        20.7,
        22.4,
        23.9,
        24.1,
        20.9,
        22.8,
        19.3
    ],
    "memory_percent": [
        35.6,
        35.5,
        35.5,
        35.5,
        35.5,
        35.5,
        35.5,
        35.4,
        35.4,
        35.4,
        35.4,
        35.4,
        35.4,
        35.3,
        35.3,
        35.3,
        35.3,
        35.4,
        35.3,
        35.3,
        35.3,
        35.3,
        35.3,
        35.3,
        35.3,
        35.3,
        35.3,
        35.3,
        35.3,
        35.3,
        35.3,
        35.3,
        35.3,
        35.3,
        35.3,
        35.3,
        35.3,
        35.3,
        35.2,
        35.2,
        35.5,
        35.5,
        35.5,
        35.5,
        35.6,
        35.6,
        35.6,
        35.6,
        35.6,
        35.6,
        35.6,
        35.7,
        35.7,
        35.9,
        35.9,
        36.1,
        36.1,
        36.2,
        36.2,
        36.3
    ]
}