{
    "timestamp": [
        5.0067901611328125e-06,
        1.0102598667144775,
        2.0205140113830566,
        3.0299289226531982,
        4.037890911102295,
        5.040039777755737,
        6.040548086166382,
        7.045074939727783,
        8.055376052856445,
        9.065671920776367,
        10.07597303390503,
        11.086276054382324,
        12.096574783325195,
        13.106873035430908,
        14.111907958984375,
        15.12232494354248,
        16.132622003555298,
        17.14294695854187,
        18.144803047180176,
        19.150681018829346,
        20.151201009750366,
        21.161494970321655,
        22.168705940246582,
        23.17479705810547,
        24.176894903182983,
        25.17899799346924,
        26.181127786636353,
        27.183223962783813,
        28.18528413772583,
        29.187406063079834,
        30.196784734725952,
        31.200893878936768,
        32.2111918926239,
        33.218323945999146,
        34.2210648059845,
        35.222490072250366,
        36.227378845214844,
        37.23122787475586,
        38.23480486869812,
        39.23844814300537,
        40.2417209148407,
        41.24573111534119,
        42.247965812683105,
        43.25813293457031,
        44.268272161483765,
        45.27838587760925,
        46.28852295875549,
        47.29605507850647,
        48.30126190185547,
        49.311439990997314,
        50.32156276702881,
        51.32469391822815,
        52.32669997215271,
        53.33517098426819,
        54.3391227722168,
        55.34924006462097,
        56.35941696166992,
        57.36919188499451,
        58.37937307357788,
        59.38950300216675
    ],
    "cpu_percent": [
        24.4,
        6.5,
        12.4,
        9.4,
        3.0,
        4.5,
        3.0,
        13.7,
        9.5,
        2.7,
        3.2,
        3.0,
        2.2,
        2.2,
        7.2,
        2.0,
        2.9,
        2.5,
        5.5,
        3.5,
        2.5,
        2.2,
        2.7,
        2.0,
        2.5,
        2.8,
        2.7,
        2.0,
        3.2,
        8.0,
        2.5,
        2.5,
        2.5,
        1.7,
        3.0,
        12.0,
        3.2,
        5.0,
        2.7,
        7.0,
        2.7,
        2.2,
        2.0,
        2.0,
        2.7,
        3.0,
        2.2,
        2.0,
        2.5,
        7.4,
        2.2,
        2.8,
        5.0,
        3.5,
        2.2,
        2.7,
        2.2,
        2.0,
        2.5,
        9.1
    ],
    "memory_percent": [
        61.1,
        61.1,
        61.2,
        61.2,
        61.2,
        61.0,
        60.8,
        60.8,
        60.8,
        60.8,
        60.8,
        60.8,
        60.8,
        60.8,
        60.7,
        60.7,
        60.7,
        60.7,
        60.7,
        60.6,
        60.6,
        60.6,
        60.6,
        60.6,
        60.6,
        60.6,
        60.6,
        60.6,
        60.6,
        60.6,
        60.6,
        60.6,
        60.6,
        60.6,
        60.6,
        60.6,
        60.6,
        60.6,
        60.6,
        60.6,
        60.6,
        60.6,
        60.6,
        60.6,
        60.6,
        60.6,
        60.5,
        60.5,
        60.5,
        60.5,
        60.5,
        60.5,
        60.5,
        60.5,
        60.5,
        60.5,
        60.5,
        60.5,
        60.5,
        60.5
    ]
}