{
    "timestamp": [
        0.0,
        1.0210819244384766,
        2.0248844623565674,
        3.0287718772888184,
        4.032847881317139,
        5.036896467208862,
        6.0404980182647705,
        7.044040679931641,
        8.048004627227783,
        9.051909685134888,
        10.05605411529541,
        11.059502124786377,
        12.067178726196289,
        13.071126937866211,
        14.075141191482544,
        15.079152584075928,
        16.082852363586426,
        17.086634635925293,
        18.090184688568115,
        19.093724250793457,
        20.099763870239258,
        21.103870153427124,
        22.107762813568115,
        23.111019134521484,
        24.114763259887695,
        25.118288040161133,
        26.12181305885315,
        27.1254403591156,
        28.12945032119751,
        29.13339877128601,
        30.137256383895874,
        31.14087963104248,
        32.144532442092896,
        33.147895097732544,
        34.15179181098938,
        35.15551543235779,
        36.15944314002991,
        37.1635582447052,
        38.16774344444275,
        39.17197012901306,
        40.1754674911499,
        41.17925000190735,
        42.18300104141235,
        43.18671774864197,
        44.190048933029175,
        45.19383692741394,
        46.197875022888184,
        47.204787731170654,
        48.20870351791382,
        49.21251964569092,
        50.21620273590088,
        51.219088077545166,
        52.221495389938354,
        53.22395324707031,
        54.227659463882446,
        55.231404304504395,
        56.235296964645386,
        57.23909282684326,
        58.24191164970398,
        59.24620580673218
    ],
    "cpu_percent": [
        0.0,
        15.2,
        12.8,
        8.8,
        12.0,
        8.5,
        1.4,
        4.7,
        4.0,
        8.6,
        6.4,
        4.2,
        7.7,
        11.3,
        5.6,
        4.2,
        5.3,
        6.4,
        9.1,
        3.7,
        8.5,
        7.5,
        5.5,
        1.8,
        1.2,
        2.6,
        2.5,
        5.6,
        2.6,
        4.5,
        2.6,
        3.2,
        4.7,
        5.8,
        2.9,
        3.1,
        7.8,
        10.7,
        12.1,
        6.4,
        4.5,
        10.0,
        6.1,
        9.5,
        15.1,
        12.4,
        11.9,
        11.0,
        10.1,
        15.8,
        6.9,
        3.1,
        7.6,
        11.2,
        6.4,
        12.0,
        11.4,
        9.9,
        10.6,
        2.3
    ],
    "memory_percent": [
        41.3,
        41.3,
        41.4,
        41.3,
        41.3,
        41.3,
        41.3,
        41.3,
        41.3,
        41.3,
        41.3,
        41.3,
        41.3,
        41.3,
        41.3,
        41.2,
        41.2,
        41.3,
        41.2,
        41.3,
        41.3,
        41.3,
        41.3,
        41.3,
        41.3,
        41.3,
        41.3,
        41.2,
        41.3,
        41.3,
        41.3,
        41.3,
        41.3,
        41.3,
        41.3,
        41.3,
        41.3,
        41.3,
        41.3,
        41.3,
        41.3,
        41.4,
        41.3,
        41.4,
        41.3,
        41.3,
        41.3,
        41.4,
        41.4,
        39.6,
        39.6,
        39.6,
        39.5,
        39.6,
        39.6,
        39.6,
        39.6,
        39.6,
        39.6,
        39.6
    ]
}