{
    "timestamp": [
        7.867813110351562e-06,
        1.0013909339904785,
        2.0033037662506104,
        3.00860595703125,
        4.013909816741943,
        5.019212961196899,
        6.0245890617370605,
        7.025479793548584,
        8.030786991119385,
        9.034398794174194,
        10.039692878723145,
        11.04499888420105,
        12.050305843353271,
        13.055606842041016,
        14.058757781982422,
        15.064068078994751,
        16.06936287879944,
        17.074683904647827,
        18.078617095947266,
        19.078927040100098,
        20.07941699028015,
        21.08470606803894,
        22.090045928955078,
        23.095350980758667,
        24.09947896003723,
        25.104855060577393,
        26.110198974609375,
        27.11158299446106,
        28.11413884162903,
        29.11528706550598,
        30.115787029266357,
        31.11710000038147,
        32.122355937957764,
        33.12374186515808,
        34.126554012298584,
        35.13186979293823,
        36.13704705238342,
        37.13748598098755,
        38.138777017593384,
        39.14024996757507,
        40.14555478096008,
        41.150877952575684,
        42.15617609024048,
        43.15952205657959,
        44.16482496261597,
        45.17012405395508,
        46.175421953201294,
        47.18074178695679,
        48.182432889938354,
        49.18360686302185,
        50.18891477584839,
        51.19426608085632,
        52.1945960521698,
        53.19522786140442,
        54.19965100288391,
        55.204545974731445,
        56.209879875183105,
        57.21507978439331,
        58.2204327583313,
        59.22575402259827
    ],
    "cpu_percent": [
        17.4,
        6.5,
        16.7,
        1.7,
        2.0,
        2.2,
        2.0,
        6.0,
        2.0,
        27.3,
        2.2,
        2.5,
        4.7,
        1.7,
        1.5,
        1.7,
        2.2,
        6.3,
        1.7,
        2.0,
        2.3,
        2.2,
        8.0,
        1.7,
        1.7,
        2.5,
        1.7,
        6.3,
        2.0,
        1.7,
        3.0,
        3.0,
        1.0,
        2.2,
        1.7,
        2.5,
        2.0,
        6.0,
        4.0,
        2.3,
        1.7,
        2.5,
        2.2,
        1.7,
        2.0,
        2.0,
        1.7,
        6.4,
        1.5,
        2.2,
        1.2,
        2.5,
        1.3,
        2.2,
        2.0,
        1.7,
        2.5,
        6.2,
        1.7,
        1.7
    ],
    "memory_percent": [
        61.6,
        61.5,
        61.6,
        61.6,
        61.6,
        61.6,
        61.6,
        61.5,
        61.5,
        61.5,
        61.5,
        61.5,
        61.5,
        61.4,
        61.4,
        61.4,
        61.4,
        61.4,
        61.4,
        61.3,
        61.3,
        61.3,
        61.3,
        61.3,
        61.3,
        61.3,
        61.3,
        61.3,
        61.3,
        61.3,
        61.3,
        61.3,
        61.3,
        61.3,
        61.3,
        61.3,
        61.3,
        61.3,
        61.3,
        61.3,
        61.3,
        61.3,
        61.3,
        61.3,
        61.1,
        61.1,
        61.1,
        61.1,
        61.1,
        61.1,
        61.1,
        61.1,
        61.1,
        61.1,
        61.1,
        61.1,
        61.1,
        61.1,
        61.1,
        61.1
    ]
}