{
    "timestamp": [
        1.0013580322265625e-05,
        1.0103340148925781,
        2.0110371112823486,
        3.0185322761535645,
        4.028938055038452,
        5.03093409538269,
        6.041265249252319,
        7.051565170288086,
        8.061863899230957,
        9.072160005569458,
        10.082500219345093,
        11.09280014038086,
        12.103098154067993,
        13.111356973648071,
        14.116052150726318,
        15.124205112457275,
        16.125479221343994,
        17.129178285598755,
        18.129531145095825,
        19.137474060058594,
        20.146021127700806,
        21.156294107437134,
        22.166668176651,
        23.177008152008057,
        24.177553176879883,
        25.187811136245728,
        26.198009252548218,
        27.208306312561035,
        28.211671113967896,
        29.22200918197632,
        30.226384162902832,
        31.236693143844604,
        32.24027109146118,
        33.250593185424805,
        34.26088905334473,
        35.267810106277466,
        36.27782416343689,
        37.28163409233093,
        38.28216218948364,
        39.292479038238525,
        40.30020093917847,
        41.31057620048523,
        42.31197428703308,
        43.32226824760437,
        44.33256912231445,
        45.33428931236267,
        46.34458923339844,
        47.35488414764404,
        48.365177154541016,
        49.37547326087952,
        50.383461236953735,
        51.38381004333496,
        52.38640904426575,
        53.38692927360535,
        54.39739227294922,
        55.40700316429138,
        56.41227126121521,
        57.422569036483765,
        58.43288707733154,
        59.44320106506348
    ],
    "cpu_percent": [
        23.7,
        7.5,
        9.5,
        6.2,
        2.5,
        3.2,
        2.2,
        2.2,
        7.2,
        2.2,
        3.5,
        2.5,
        2.2,
        3.2,
        2.2,
        2.5,
        2.0,
        2.7,
        8.5,
        2.5,
        2.7,
        4.7,
        2.0,
        3.0,
        2.7,
        4.0,
        4.0,
        3.2,
        7.7,
        2.5,
        2.5,
        2.5,
        2.2,
        2.2,
        3.2,
        2.2,
        2.7,
        5.5,
        7.3,
        2.2,
        2.0,
        3.0,
        2.5,
        2.5,
        3.0,
        2.7,
        2.5,
        1.7,
        9.4,
        1.7,
        6.5,
        4.3,
        2.7,
        2.8,
        2.0,
        2.0,
        2.7,
        2.0,
        7.4,
        2.5
    ],
    "memory_percent": [
        61.0,
        61.0,
        61.1,
        61.0,
        61.0,
        61.0,
        61.0,
        61.0,
        60.9,
        60.9,
        61.0,
        61.0,
        61.0,
        60.9,
        60.9,
        60.9,
        60.9,
        60.9,
        60.9,
        60.9,
        60.9,
        60.9,
        60.9,
        60.9,
        60.9,
        60.9,
        60.9,
        60.9,
        60.9,
        60.9,
        60.9,
        60.9,
        60.9,
        60.9,
        60.9,
        60.9,
        60.9,
        60.9,
        60.9,
        60.9,
        60.9,
        60.9,
        60.9,
        60.8,
        60.7,
        60.7,
        60.7,
        60.7,
        60.7,
        60.7,
        60.5,
        60.5,
        60.5,
        60.5,
        60.5,
        60.5,
        60.5,
        60.5,
        60.5,
        60.5
    ]
}