{
    "timestamp": [
        0.0,
        1.0160856246948242,
        2.0199081897735596,
        3.0237696170806885,
        4.0279176235198975,
        5.031798839569092,
        6.035523176193237,
        7.039588212966919,
        8.04377794265747,
        9.048198938369751,
        10.052366018295288,
        11.056455373764038,
        12.060347080230713,
        13.064507246017456,
        14.06845736503601,
        15.07271432876587,
        16.076646089553833,
        17.08087182044983,
        18.085208654403687,
        19.08904242515564,
        20.092553853988647,
        21.096543312072754,
        22.100590705871582,
        23.10459017753601,
        24.108893394470215,
        25.113019704818726,
        26.11704659461975,
        27.121260166168213,
        28.12532925605774,
        29.129300117492676,
        30.13520646095276,
        31.139440298080444,
        32.14330577850342,
        33.147136926651,
        34.151140451431274,
        35.15510153770447,
        36.15896439552307,
        37.16315579414368,
        38.16705656051636,
        39.17079019546509,
        40.1753191947937,
        41.178768157958984,
        42.182894706726074,
        43.18719553947449,
        44.190998554229736,
        45.19502139091492,
        46.1991810798645,
        47.20382380485535,
        48.20819711685181,
        49.212239265441895,
        50.216424226760864,
        51.22042989730835,
        52.22425818443298,
        53.228209018707275,
        54.23234796524048,
        55.23629450798035,
        56.24021792411804,
        57.24414825439453,
        58.24787712097168,
        59.251851081848145
    ],
    "cpu_percent": [
        0.0,
        12.0,
        13.3,
        12.5,
        12.1,
        11.7,
        11.4,
        14.2,
        13.8,
        9.0,
        13.6,
        11.7,
        13.3,
        8.6,
        12.6,
        10.2,
        10.9,
        11.5,
        12.6,
        14.3,
        9.8,
        10.2,
        10.5,
        10.6,
        8.9,
        12.7,
        10.3,
        11.7,
        9.8,
        11.5,
        13.3,
        9.5,
        10.3,
        14.7,
        13.2,
        9.5,
        12.9,
        13.0,
        13.0,
        10.4,
        12.9,
        10.6,
        12.2,
        11.0,
        10.9,
        10.4,
        12.1,
        10.1,
        13.2,
        10.4,
        10.5,
        12.3,
        10.1,
        10.8,
        12.9,
        10.5,
        11.0,
        10.1,
        14.2,
        28.9
    ],
    "memory_percent": [
        41.5,
        41.5,
        41.5,
        41.4,
        41.5,
        41.5,
        41.4,
        41.4,
        41.4,
        41.4,
        41.4,
        41.4,
        41.4,
        41.4,
        41.4,
        41.4,
        41.3,
        41.4,
        41.4,
        41.4,
        41.4,
        41.4,
        41.4,
        41.4,
        41.4,
        41.4,
        41.4,
        41.4,
        41.4,
        41.4,
        41.4,
        41.4,
        41.4,
        41.4,
        41.4,
        41.4,
        41.4,
        41.4,
        41.4,
        41.4,
        41.4,
        41.4,
        41.4,
        41.4,
        41.4,
        41.4,
        41.4,
        41.4,
        41.4,
        41.4,
        41.3,
        41.4,
        41.3,
        41.3,
        41.3,
        41.3,
        41.4,
        41.3,
        41.4,
        42.1
    ]
}