{
    "timestamp": [
        5.0067901611328125e-06,
        1.0052728652954102,
        2.010601043701172,
        3.0159051418304443,
        4.0212109088897705,
        5.026073932647705,
        6.031403064727783,
        7.036711931228638,
        8.042026996612549,
        9.047334909439087,
        10.052673816680908,
        11.05797791481018,
        12.063282012939453,
        13.068589925765991,
        14.073889970779419,
        15.079190015792847,
        16.081592798233032,
        17.082015991210938,
        18.08731985092163,
        19.089498043060303,
        20.094633102416992,
        21.099740982055664,
        22.105046033859253,
        23.110347032546997,
        24.115386962890625,
        25.120715141296387,
        26.12602186203003,
        27.126500844955444,
        28.131804943084717,
        29.13715887069702,
        30.142212867736816,
        31.147522926330566,
        32.151752948760986,
        33.157142162323,
        34.16211295127869,
        35.16410303115845,
        36.168405055999756,
        37.17202591896057,
        38.17625188827515,
        39.179255962371826,
        40.18220090866089,
        41.185575008392334,
        42.18663191795349,
        43.18695592880249,
        44.19224405288696,
        45.19405794143677,
        46.19944095611572,
        47.204001903533936,
        48.207890033721924,
        49.20959401130676,
        50.21432089805603,
        51.21795701980591,
        52.21888494491577,
        53.22419500350952,
        54.22950196266174,
        55.230119943618774,
        56.23542904853821,
        57.240737199783325,
        58.24604296684265,
        59.25138211250305
    ],
    "cpu_percent": [
        16.9,
        5.0,
        17.5,
        1.5,
        2.2,
        2.0,
        1.5,
        1.5,
        2.0,
        6.0,
        2.0,
        3.2,
        2.0,
        2.0,
        1.7,
        5.0,
        2.0,
        1.5,
        2.0,
        6.7,
        1.5,
        1.7,
        4.0,
        4.0,
        2.0,
        1.7,
        1.7,
        1.5,
        3.0,
        6.0,
        1.5,
        1.5,
        2.5,
        1.0,
        2.0,
        2.0,
        1.5,
        7.2,
        1.7,
        6.2,
        1.8,
        2.2,
        1.5,
        2.0,
        3.7,
        1.7,
        2.5,
        1.5,
        2.0,
        3.2,
        5.5,
        1.5,
        3.8,
        1.7,
        2.2,
        2.0,
        2.0,
        1.5,
        2.0,
        2.0
    ],
    "memory_percent": [
        61.5,
        61.4,
        61.5,
        61.5,
        61.5,
        61.5,
        61.4,
        61.4,
        61.4,
        61.4,
        61.4,
        61.4,
        61.4,
        61.4,
        61.4,
        61.4,
        61.4,
        61.4,
        61.4,
        61.4,
        61.4,
        61.4,
        61.3,
        61.3,
        61.3,
        61.3,
        61.3,
        61.3,
        61.3,
        61.3,
        61.3,
        61.3,
        61.3,
        61.3,
        61.3,
        61.3,
        61.3,
        61.3,
        61.3,
        61.3,
        61.3,
        61.3,
        61.3,
        61.3,
        61.2,
        61.2,
        61.2,
        61.2,
        61.2,
        61.2,
        61.2,
        61.2,
        61.2,
        61.2,
        61.2,
        61.2,
        61.2,
        61.2,
        61.2,
        61.2
    ]
}