{
    "timestamp": [
        4.0531158447265625e-06,
        1.0018620491027832,
        2.007111072540283,
        3.0124151706695557,
        4.013834238052368,
        5.019249200820923,
        6.024554252624512,
        7.029855966567993,
        8.035156965255737,
        9.040457248687744,
        10.045757055282593,
        11.04701828956604,
        12.052320003509521,
        13.052695035934448,
        14.05803108215332,
        15.063339948654175,
        16.068648099899292,
        17.07395601272583,
        18.079252243041992,
        19.083092212677002,
        20.08839225769043,
        21.09368896484375,
        22.098985195159912,
        23.104287147521973,
        24.10847806930542,
        25.113988161087036,
        26.115792989730835,
        27.116276264190674,
        28.117752075195312,
        29.12303400039673,
        30.128334999084473,
        31.133665084838867,
        32.13896894454956,
        33.14429712295532,
        34.14963698387146,
        35.15269899368286,
        36.15457201004028,
        37.15988802909851,
        38.165184020996094,
        39.170533180236816,
        40.1758508682251,
        41.17841410636902,
        42.183709144592285,
        43.18902802467346,
        44.19433808326721,
        45.198994159698486,
        46.20429706573486,
        47.20822811126709,
        48.213563203811646,
        49.21887707710266,
        50.220081090927124,
        51.22055697441101,
        52.22520995140076,
        53.22837805747986,
        54.2337429523468,
        55.23720693588257,
        56.237996101379395,
        57.24326491355896,
        58.245471239089966,
        59.249046087265015
    ],
    "cpu_percent": [
        0.0,
        8.8,
        19.0,
        4.0,
        1.7,
        1.5,
        1.5,
        1.7,
        2.0,
        1.5,
        1.7,
        1.5,
        6.2,
        2.7,
        1.0,
        2.0,
        3.5,
        1.5,
        2.0,
        1.2,
        1.7,
        2.7,
        9.7,
        4.7,
        4.5,
        7.2,
        6.5,
        5.8,
        7.5,
        4.7,
        1.7,
        2.0,
        5.8,
        2.2,
        2.5,
        1.3,
        3.5,
        5.7,
        1.2,
        4.2,
        2.0,
        5.0,
        9.5,
        3.2,
        2.5,
        1.7,
        1.5,
        1.7,
        1.5,
        1.7,
        4.5,
        13.6,
        17.2,
        16.6,
        19.2,
        44.9,
        21.2,
        11.5,
        16.8,
        19.8
    ],
    "memory_percent": [
        62.0,
        62.1,
        62.1,
        62.1,
        62.1,
        62.1,
        61.9,
        61.9,
        61.9,
        61.9,
        61.8,
        61.8,
        61.8,
        61.8,
        61.8,
        61.8,
        61.5,
        61.4,
        61.4,
        61.4,
        61.4,
        61.4,
        61.3,
        61.3,
        61.3,
        61.3,
        61.3,
        61.3,
        61.3,
        61.3,
        61.3,
        61.3,
        61.3,
        61.3,
        61.3,
        61.3,
        61.3,
        61.3,
        61.3,
        61.3,
        61.3,
        61.3,
        61.3,
        61.3,
        61.2,
        61.2,
        61.2,
        61.2,
        61.2,
        61.2,
        61.2,
        61.3,
        61.4,
        62.0,
        62.7,
        62.4,
        62.6,
        62.6,
        62.5,
        62.4
    ]
}