{
    "timestamp": [
        5.9604644775390625e-06,
        1.0052850246429443,
        2.0067830085754395,
        3.007086992263794,
        4.012387990951538,
        5.012740850448608,
        6.0180439949035645,
        7.023342847824097,
        8.028640031814575,
        9.033942222595215,
        10.038743019104004,
        11.040470123291016,
        12.045845985412598,
        13.04702115058899,
        14.048325061798096,
        15.049299955368042,
        15.982601165771484,
        16.9831280708313,
        17.98809814453125,
        18.990923166275024,
        20.001058101654053,
        21.01120114326477,
        22.021321058273315,
        23.028402090072632,
        24.038539171218872,
        25.04279613494873,
        26.049437046051025,
        27.050506114959717,
        28.060678005218506,
        29.070964097976685,
        30.077291011810303,
        31.0811448097229,
        32.08197212219238,
        33.08896207809448,
        34.099064111709595,
        35.10920310020447,
        36.11708092689514,
        37.11955213546753,
        38.12676787376404,
        39.129067182540894,
        40.1392080783844,
        41.14932990074158,
        42.1594660282135,
        43.162118911743164,
        44.17066812515259,
        45.17113494873047,
        46.176385164260864,
        47.1802339553833,
        48.18080496788025,
        49.18397402763367,
        50.18912601470947,
        51.190545082092285,
        52.191195011138916,
        53.1921010017395,
        54.2014799118042,
        55.21159791946411,
        56.221734046936035,
        57.231921911239624,
        58.24211001396179,
        59.252297163009644
    ],
    "cpu_percent": [
        24.7,
        6.5,
        47.0,
        3.0,
        2.0,
        3.2,
        1.8,
        2.7,
        3.0,
        12.2,
        8.5,
        5.0,
        2.2,
        2.7,
        9.7,
        2.2,
        61.2,
        57.2,
        44.5,
        24.4,
        2.2,
        3.7,
        2.7,
        4.0,
        2.5,
        2.2,
        2.7,
        2.5,
        2.2,
        7.7,
        1.7,
        3.0,
        14.3,
        8.2,
        5.2,
        2.7,
        24.6,
        28.0,
        28.0,
        32.3,
        11.6,
        5.4,
        18.4,
        27.0,
        24.1,
        35.1,
        81.5,
        81.0,
        32.1,
        42.5,
        27.8,
        24.4,
        9.0,
        3.5,
        8.0,
        2.7,
        2.5,
        5.2,
        2.5,
        6.9
    ],
    "memory_percent": [
        61.2,
        61.3,
        61.3,
        61.4,
        61.4,
        61.3,
        61.3,
        61.3,
        61.2,
        61.2,
        61.0,
        61.0,
        61.0,
        61.0,
        61.0,
        61.0,
        61.2,
        61.2,
        61.2,
        61.2,
        61.2,
        61.2,
        61.2,
        61.2,
        61.2,
        61.2,
        61.2,
        61.2,
        61.2,
        61.2,
        61.2,
        61.2,
        61.3,
        61.3,
        61.3,
        61.3,
        61.4,
        61.4,
        61.4,
        61.4,
        61.3,
        61.2,
        61.3,
        61.4,
        61.4,
        61.5,
        61.6,
        61.6,
        61.6,
        61.6,
        61.6,
        61.5,
        61.6,
        61.1,
        61.1,
        61.1,
        61.1,
        61.1,
        61.1,
        61.1
    ]
}