{
    "timestamp": [
        0.0,
        1.0173084735870361,
        2.0209412574768066,
        3.0249998569488525,
        4.028736591339111,
        5.032166481018066,
        6.035999298095703,
        7.03967809677124,
        8.044148921966553,
        9.048213958740234,
        10.052750825881958,
        11.056895017623901,
        12.061376094818115,
        13.065778732299805,
        14.070293664932251,
        15.074520349502563,
        16.078858613967896,
        17.083505153656006,
        18.087956428527832,
        19.09225106239319,
        20.09410572052002,
        21.09844446182251,
        22.105321884155273,
        23.11759328842163,
        24.12194275856018,
        25.12665820121765,
        26.130939483642578,
        27.13437294960022,
        28.138315200805664,
        29.14267635345459,
        30.14686679840088,
        31.151488780975342,
        32.1556351184845,
        33.15961527824402,
        34.16397976875305,
        35.16973304748535,
        36.17460799217224,
        37.178688049316406,
        38.183154344558716,
        39.187623500823975,
        40.19205069541931,
        41.19614624977112,
        42.20046925544739,
        43.2053005695343,
        44.20942139625549,
        45.213510036468506,
        46.217937707901,
        47.22225260734558,
        48.227224349975586,
        49.23181104660034,
        50.23615384101868,
        51.24059462547302,
        52.24475860595703,
        53.249313831329346,
        54.25341606140137,
        55.257354497909546,
        56.26119303703308,
        57.26583814620972,
        58.26997351646423,
        59.274200201034546
    ],
    "cpu_percent": [
        0.0,
        13.3,
        16.8,
        10.1,
        12.1,
        12.4,
        16.4,
        13.0,
        12.7,
        12.3,
        17.1,
        16.4,
        15.1,
        14.9,
        12.4,
        14.7,
        24.7,
        18.5,
        17.8,
        17.2,
        14.2,
        13.1,
        10.1,
        17.8,
        13.2,
        17.2,
        16.0,
        13.6,
        11.2,
        14.0,
        14.2,
        21.9,
        38.0,
        33.1,
        34.6,
        30.4,
        28.2,
        29.1,
        27.3,
        24.0,
        13.0,
        11.7,
        16.3,
        15.6,
        30.5,
        25.9,
        21.0,
        22.5,
        17.2,
        17.4,
        23.7,
        34.3,
        27.0,
        20.0,
        22.3,
        29.0,
        24.2,
        21.3,
        24.2,
        33.3
    ],
    "memory_percent": [
        36.4,
        36.5,
        36.6,
        36.6,
        36.6,
        36.6,
        36.6,
        36.6,
        36.7,
        36.7,
        36.7,
        36.7,
        36.7,
        36.8,
        36.8,
        36.8,
        36.8,
        36.8,
        36.8,
        36.9,
        37.2,
        36.9,
        37.2,
        37.7,
        38.1,
        38.3,
        38.7,
        39.2,
        40.7,
        40.7,
        40.7,
        40.8,
        41.1,
        41.1,
        41.0,
        41.1,
        41.2,
        41.2,
        41.3,
        41.4,
        41.4,
        41.4,
        40.9,
        40.4,
        40.5,
        40.4,
        40.5,
        40.6,
        40.6,
        40.5,
        40.6,
        40.7,
        40.6,
        40.6,
        40.6,
        40.6,
        40.6,
        40.7,
        40.6,
        40.7
    ]
}